{
  "Employee": [
    {
      "id": 2,
      "empname": "suyog",
      "email": "suyog@gmail.com",
      "mobileno": "9898",
      "designation": "manager",
      "username": "abc",
      "password": "123"
    },
    {
      "id": 3,
      "empname": "Amol Vidhate",
      "email": "amol@gmail",
      "mobileno": "9021223130",
      "designation": "employee",
      "username": "djfhkcjvs",
      "password": "asjdj"
    },
    {
      "id": 4,
      "empname": "akshay",
      "email": "akhay@gmail",
      "mobileno": "90889977",
      "designation": "admin",
      "username": "xyz",
      "password": "12345"
    }
  ],
  "Company":[
{},
{}



  ]
}